<?xml version="1.0" encoding="utf-8"?>
<extension type="module" version="3.1.0" client="site" method="upgrade">
    <name>Callpage - Callback for Joomla</name>
    <author>Callpage</author>
    <version>1.0.0</version>
    <copyright>Copyright (C) 2015 - 2016 Callpage Sp. z.o.o. All rights reserved.</copyright>
    <license>GNU General Public License version 2 or later; see LICENSE.txt</license>
    <creationDate>21/07/2016</creationDate>
    <description><![CDATA[<h5>Callback to your website visitors in 28 seconds and turn them into happy customers.</h5>
    <h5>Recommended settings:</h5>
    <p>In Module section:</p>
    <ul>
        <li>Show Title: <b>Hide</b></li>
        <li>Position: <b>Footer</b></li>
        <li>Status: <b>Published</b></li>
    </ul>
    <p>In Menu Assignment section:</p>
    <ul>
        <li>Module Assignment: <b>On all pages</b></li>
    </ul>]]></description>
    <authorEmail>contact@callpage.io</authorEmail>
    <authorUrl>http://callpage.io</authorUrl>
    <files>
        <filename>mod_callpage.xml</filename>
        <filename module="mod_callpage">mod_callpage.php</filename>
        <filename>index.html</filename>
        <filename>helper.php</filename>
        <filename>tmpl/default.php</filename>
        <filename>tmpl/index.html</filename>
    </files>
    <scriptfile>install.script.php</scriptfile>
    <config>
        <fields name="params">
            <fieldset name="basic">
                <field name="enable" type="radio" label="Enable Callpage on website" default="1" class="btn-group btn-group-yesno">
                    <option value="1">JYES</option>
                    <option value="0">JNO</option>
                </field>
                <field name="show_to_logged_users" type="radio" label="Show to logged users"
                       description="You can use this option to hide Callpage Widget from currently logged in users like, for example, website administrators or moderators." default="1" class="btn-group btn-group-yesno">
                    <option value="1">JYES</option>
                    <option value="0">JNO</option>
                </field>
                # raw filter to escape HMTL - https://docs.joomla.org/Textarea_form_field_type
                <field name="widget_code" type="textarea" default="" label="Widget code" description="Find CallPage code in Dashboard on callpage.io" rows="10" cols="15" filter="raw" class="required" />
            </fieldset>
        </fields>
    </config>
    <updateservers>
        <server type="extension" name="Callpage" priority="1">https://raw.githubusercontent.com/callpage/plugin-joomla-updates/master/callpage_update.xml</server>
    </updateservers>
</extension>